{
  "duration": 3.0,
  "sample_rate": 44100,
  "individual_signals": [
    {
      "frequency": 440,
      "amplitude": 1.0,
      "time": [
        0.0,
        0.033707865168539325,
        0.06741573033707865,
        0.10112359550561797,
        0.1348314606741573,
        0.16853932584269662,
        0.20224719101123595,
        0.23595505617977527,
        0.2696629213483146,
        0.3033707865168539,
        0.33707865168539325,
        0.3707865168539326,
        0.4044943820224719,
        0.4382022471910112,
        0.47191011235955055,
        0.5056179775280899,
        0.5393258426966292,
        0.5730337078651685,
        0.6067415730337078,
        0.6404494382022472,
        0.6741573033707865,
        0.7078651685393258,
        0.7415730337078652,
        0.7752808988764045,
        0.8089887640449438,
        0.8426966292134831,
        0.8764044943820224,
        0.9101123595505618,
        0.9438202247191011,
        0.9775280898876404,
        1.0112359550561798,
        1.044943820224719,
        1.0786516853932584,
        1.1123595505617978,
        1.146067415730337,
        1.1797752808988764,
        1.2134831460674156,
        1.247191011235955,
        1.2808988764044944,
        1.3146067415730336,
        1.348314606741573,
        1.3820224719101124,
        1.4157303370786516,
        1.449438202247191,
        1.4831460674157304,
        1.5168539325842696,
        1.550561797752809,
        1.5842696629213482,
        1.6179775280898876,
        1.651685393258427,
        1.6853932584269662,
        1.7191011235955056,
        1.7528089887640448,
        1.7865168539325842,
        1.8202247191011236,
        1.8539325842696628,
        1.8876404494382022,
        1.9213483146067416,
        1.9550561797752808,
        1.9887640449438202,
        2.0224719101123596,
        2.056179775280899,
        2.089887640449438,
        2.1235955056179776,
        2.157303370786517,
        2.191011235955056,
        2.2247191011235956,
        2.258426966292135,
        2.292134831460674,
        2.3258426966292136,
        2.359550561797753,
        2.393258426966292,
        2.426966292134831,
        2.460674157303371,
        2.49438202247191,
        2.528089887640449,
        2.561797752808989,
        2.595505617977528,
        2.629213483146067,
        2.662921348314607,
        2.696629213483146,
        2.730337078651685,
        2.764044943820225,
        2.797752808988764,
        2.831460674157303,
        2.865168539325843,
        2.898876404494382,
        2.932584269662921,
        2.966292134831461,
        3.0
      ],
      "values": [
        0.0,
        -0.8718484526025356,
        -0.8540204424421327,
        0.035291463905876765,
        0.8885902481570157,
        0.8351284291564446,
        -0.07053895904235946,
        -0.9042249709131092,
        -0.8151959498415403,
        0.10569857141966553,
        0.9187331419530432,
        0.7942478378845949,
        -0.1407264965389868,
        -0.9320966859024777,
        -0.7723101920243168,
        0.17557909396721655,
        0.9442989534495236,
        0.749410343836034,
        -0.2102129417086137,
        -0.9553247420884938,
        -0.7255768236790276,
        0.24458489030096492,
        0.9651603150595772,
        0.7008393251514244,
        -0.27865211657667893,
        -0.9737934184638465,
        -0.6752286680954751,
        0.31237217701357,
        0.9812132965291983,
        0.6487767602015473,
        -0.3457030606161577,
        -0.9874107050116349,
        -0.6215165572530125,
        0.37860324125352995,
        0.9923779227119129,
        0.593482022067494,
        -0.41103172939788774,
        -0.9961087610953155,
        -0.564708082185208,
        0.44294812319029137,
        0.9985985720017715,
        0.5352305863522028,
        -0.47431265877885187,
        -0.9998442534369968,
        -0.5050862598580246,
        0.5050862598574696,
        0.9998442534370081,
        0.47431265877861734,
        -0.5352305863524278,
        -0.9985985720017815,
        -0.44294812318964477,
        0.5647080821850525,
        0.9961087610952519,
        0.4110317293976448,
        -0.5934820220669765,
        -0.9923779227118801,
        -0.3786032412532833,
        0.621516557252865,
        0.9874107050115208,
        0.3457030606163344,
        -0.648776760201404,
        -0.9812132965291469,
        -0.3123721770133169,
        0.6752286680956716,
        0.9737934184638893,
        0.278652116576423,
        -0.7008393251509657,
        -0.9651603150596265,
        -0.24458489030026562,
        0.7255768236784287,
        0.9553247420886167,
        0.2102129417083532,
        -0.7494103438365115,
        -0.9442989534495108,
        -0.17557909396673038,
        0.772310192024486,
        0.9320966859025459,
        0.140726496538723,
        -0.794247837884895,
        -0.9187331419533421,
        -0.10569857141985275,
        0.8151959498416288,
        0.9042249709131895,
        0.07053895904209366,
        -0.83512842915681,
        -0.8885902481573368,
        -0.035291463906064933,
        0.8540204424422566,
        0.8718484526030803,
        6.430313656588351e-13
      ]
    },
    {
      "frequency": 880,
      "amplitude": 1.0,
      "time": [
        0.0,
        0.033707865168539325,
        0.06741573033707865,
        0.10112359550561797,
        0.1348314606741573,
        0.16853932584269662,
        0.20224719101123595,
        0.23595505617977527,
        0.2696629213483146,
        0.3033707865168539,
        0.33707865168539325,
        0.3707865168539326,
        0.4044943820224719,
        0.4382022471910112,
        0.47191011235955055,
        0.5056179775280899,
        0.5393258426966292,
        0.5730337078651685,
        0.6067415730337078,
        0.6404494382022472,
        0.6741573033707865,
        0.7078651685393258,
        0.7415730337078652,
        0.7752808988764045,
        0.8089887640449438,
        0.8426966292134831,
        0.8764044943820224,
        0.9101123595505618,
        0.9438202247191011,
        0.9775280898876404,
        1.0112359550561798,
        1.044943820224719,
        1.0786516853932584,
        1.1123595505617978,
        1.146067415730337,
        1.1797752808988764,
        1.2134831460674156,
        1.247191011235955,
        1.2808988764044944,
        1.3146067415730336,
        1.348314606741573,
        1.3820224719101124,
        1.4157303370786516,
        1.449438202247191,
        1.4831460674157304,
        1.5168539325842696,
        1.550561797752809,
        1.5842696629213482,
        1.6179775280898876,
        1.651685393258427,
        1.6853932584269662,
        1.7191011235955056,
        1.7528089887640448,
        1.7865168539325842,
        1.8202247191011236,
        1.8539325842696628,
        1.8876404494382022,
        1.9213483146067416,
        1.9550561797752808,
        1.9887640449438202,
        2.0224719101123596,
        2.056179775280899,
        2.089887640449438,
        2.1235955056179776,
        2.157303370786517,
        2.191011235955056,
        2.2247191011235956,
        2.258426966292135,
        2.292134831460674,
        2.3258426966292136,
        2.359550561797753,
        2.393258426966292,
        2.426966292134831,
        2.460674157303371,
        2.49438202247191,
        2.528089887640449,
        2.561797752808989,
        2.595505617977528,
        2.629213483146067,
        2.662921348314607,
        2.696629213483146,
        2.730337078651685,
        2.764044943820225,
        2.797752808988764,
        2.831460674157303,
        2.865168539325843,
        2.898876404494382,
        2.932584269662921,
        2.966292134831461,
        3.0
      ],