{
  "duration": 3.0,
  "sample_rate": 44100,
  "individual_signals": [
    {
      "frequency": 440,
      "amplitude": 0.7,
      "time": [
        0.0,
        0.033707865168539325,
        0.06741573033707865,
        0.10112359550561797,
        0.1348314606741573,
        0.16853932584269662,
        0.20224719101123595,
        0.23595505617977527,
        0.2696629213483146,
        0.3033707865168539,
        0.33707865168539325,
        0.3707865168539326,
        0.4044943820224719,
        0.4382022471910112,
        0.47191011235955055,
        0.5056179775280899,
        0.5393258426966292,
        0.5730337078651685,
        0.6067415730337078,
        0.6404494382022472,
        0.6741573033707865,
        0.7078651685393258,
        0.7415730337078652,
        0.7752808988764045,
        0.8089887640449438,
        0.8426966292134831,
        0.8764044943820224,
        0.9101123595505618,
        0.9438202247191011,
        0.9775280898876404,
        1.0112359550561798,
        1.044943820224719,
        1.0786516853932584,
        1.1123595505617978,
        1.146067415730337,
        1.1797752808988764,
        1.2134831460674156,
        1.247191011235955,
        1.2808988764044944,
        1.3146067415730336,
        1.348314606741573,
        1.3820224719101124,
        1.4157303370786516,
        1.449438202247191,
        1.4831460674157304,
        1.5168539325842696,
        1.550561797752809,
        1.5842696629213482,
        1.6179775280898876,
        1.651685393258427,
        1.6853932584269662,
        1.7191011235955056,
        1.7528089887640448,
        1.7865168539325842,
        1.8202247191011236,
        1.8539325842696628,
        1.8876404494382022,
        1.9213483146067416,
        1.9550561797752808,
        1.9887640449438202,
        2.0224719101123596,
        2.056179775280899,
        2.089887640449438,
        2.1235955056179776,
        2.157303370786517,
        2.191011235955056,
        2.2247191011235956,
        2.258426966292135,
        2.292134831460674,
        2.3258426966292136,
        2.359550561797753,
        2.393258426966292,
        2.426966292134831,
        2.460674157303371,
        2.49438202247191,
        2.528089887640449,
        2.561797752808989,
        2.595505617977528,
        2.629213483146067,
        2.662921348314607,
        2.696629213483146,
        2.730337078651685,
        2.764044943820225,
        2.797752808988764,
        2.831460674157303,
        2.865168539325843,
        2.898876404494382,
        2.932584269662921,
        2.966292134831461,
        3.0
      ],
      "values": [
        0.0,
        -0.6102939168217749,
        -0.5978143097094929,
        0.024704024734113733,
        0.6220131737099109,
        0.5845899004095112,
        -0.04937727132965162,
        -0.6329574796391764,
        -0.5706371648890782,
        0.07398899999376586,
        0.6431131993671302,
        0.5559734865192164,
        -0.09850854757729076,
        -0.6524676801317344,
        -0.5406171344170217,
        0.12290536577705158,
        0.6610092674146665,
        0.5245872406852238,
        -0.14714905919602958,
        -0.6687273194619456,
        -0.5079037765753194,
        0.17120942321067542,
        0.675612220541704,
        0.49058752760599705,
        -0.19505648160367525,
        -0.6816553929246925,
        -0.47266006766683255,
        0.218660523909499,
        0.6868493075704388,
        0.45414373214108306,
        -0.24199214243131037,
        -0.6911874935081443,
        -0.4350615900771087,
        0.26502226887747093,
        0.694664545898339,
        0.4154374154472458,
        -0.2877222105785214,
        -0.6972761327667208,
        -0.39529565752964557,
        0.31006368623320396,
        0.69901900040124,
        0.37466141044654194,
        -0.3320188611451963,
        -0.6998909774058977,
        -0.35356038190061717,
        0.3535603819002287,
        0.6998909774059057,
        0.3320188611450321,
        -0.3746614104466994,
        -0.699019000401247,
        -0.3100636862327513,
        0.39529565752953677,
        0.6972761327666763,
        0.28772221057835135,
        -0.41543741544688356,
        -0.694664545898316,
        -0.2650222688772983,
        0.4350615900770055,
        0.6911874935080645,
        0.24199214243143405,
        -0.45414373214098275,
        -0.6868493075704027,
        -0.2186605239093218,
        0.4726600676669701,
        0.6816553929247225,
        0.19505648160349612,
        -0.490587527605676,
        -0.6756122205417385,
        -0.17120942321018592,
        0.5079037765749,
        0.6687273194620317,
        0.14714905919584723,
        -0.5245872406855581,
        -0.6610092674146575,
        -0.12290536577671125,
        0.5406171344171402,
        0.6524676801317821,
        0.09850854757710609,
        -0.5559734865194265,
        -0.6431131993673395,
        -0.07398899999389692,
        0.5706371648891401,
        0.6329574796392327,
        0.04937727132946556,
        -0.5845899004097669,
        -0.6220131737101358,
        -0.02470402473424545,
        0.5978143097095796,
        0.6102939168221562,
        4.501219559611845e-13
      ]
    },
    {
      "frequency": 880,
      "amplitude": 0.3,
      "time": [
        0.0,
        0.033707865168539325,
        0.06741573033707865,
        0.10112359550561797,
        0.1348314606741573,
        0.16853932584269662,
        0.20224719101123595,
        0.23595505617977527,
        0.2696629213483146,
        0.3033707865168539,
        0.33707865168539325,
        0.3707865168539326,
        0.4044943820224719,
        0.4382022471910112,
        0.47191011235955055,
        0.5056179775280899,
        0.5393258426966292,
        0.5730337078651685,
        0.6067415730337078,
        0.6404494382022472,
        0.6741573033707865,
        0.7078651685393258,
        0.7415730337078652,
        0.7752808988764045,
        0.8089887640449438,
        0.8426966292134831,
        0.8764044943820224,
        0.9101123595505618,
        0.9438202247191011,
        0.9775280898876404,
        1.0112359550561798,
        1.044943820224719,
        1.0786516853932584,
        1.1123595505617978,
        1.146067415730337,
        1.1797752808988764,
        1.2134831460674156,
        1.247191011235955,
        1.2808988764044944,
        1.3146067415730336,
        1.348314606741573,
        1.3820224719101124,
        1.4157303370786516,
        1.449438202247191,
        1.4831460674157304,
        1.5168539325842696,
        1.550561797752809,
        1.5842696629213482,
        1.6179775280898876,
        1.651685393258427,
        1.6853932584269662,
        1.7191011235955056,
        1.7528089887640448,
        1.7865168539325842,
        1.8202247191011236,
        1.8539325842696628,
        1.8876404494382022,
        1.9213483146067416,
        1.9550561797752808,
        1.9887640449438202,
        2.0224719101123596,
        2.056179775280899,
        2.089887640449438,
        2.1235955056179776,
        2.157303370786517,
        2.191011235955056,
        2.2247191011235956,
        2.258426966292135,
        2.292134831460674,
        2.3258426966292136,
        2.359550561797753,
        2.393258426966292,
        2.426966292134831,
        2.460674157303371,
        2.49438202247191,
        2.528089887640449,
        2.561797752808989,
        2.595505617977528,
        2.629213483146067,
        2.662921348314607,
        2.696629213483146,
        2.730337078651685,
        2.764044943820225,
        2.797752808988764,
        2.831460674157303,
        2.865168539325843,
        2.898876404494382,
        2.932584269662921,
        2.966292134831461,
        3.0
      ],